DATE,IPMAN,PAYEMS,FEDFUNDS,CPIAUCSL,PCE
1972-01-01,36.6924,72441,3.50,41.2,731.5
1972-02-01,36.9567,72648,3.29,41.4,736.2
1972-03-01,37.1965,72944,3.83,41.4,749.2
1972-04-01,37.6440,73162,4.17,41.5,752.5
1972-05-01,37.6836,73469,4.27,41.6,758.0
1972-06-01,37.8022,73758,4.46,41.7,761.6
1972-07-01,37.8128,73709,4.55,41.8,769.9
1972-08-01,38.3031,74141,4.80,41.9,776.3
1972-09-01,38.5731,74264,4.87,42.1,781.1
1972-10-01,39.1695,74674,5.04,42.2,794.9
1972-11-01,39.6756,74973,5.06,42.4,800.5
1972-12-01,40.2595,75268,5.33,42.5,806.1
1973-01-01,40.5321,75617,5.94,42.7,816.5
1973-02-01,41.1963,76014,6.58,43.0,825.8
1973-03-01,41.2768,76284,7.09,43.4,832.8
1973-04-01,41.2179,76455,7.12,43.7,835.7
1973-05-01,41.4853,76648,7.84,43.9,841.6
1973-06-01,41.4705,76887,8.49,44.2,844.3
1973-07-01,41.6769,76913,10.40,44.2,854.1
1973-08-01,41.5521,77168,10.50,45.0,853.3
1973-09-01,41.9460,77276,10.78,45.2,869.2
1973-10-01,42.2962,77607,10.01,45.6,868.2
1973-11-01,42.6218,77920,10.03,45.9,876.9
1973-12-01,42.6488,78031,9.95,46.3,876.6
1974-01-01,42.2744,78100,9.65,46.8,884.5
1974-02-01,42.0910,78254,8.97,47.3,889.7
1974-03-01,42.0853,78296,9.35,47.8,901.4
1974-04-01,41.8849,78382,10.51,48.1,910.8
1974-05-01,42.1703,78549,11.31,48.6,922.4
1974-06-01,42.2289,78604,11.93,49.0,928.0
1974-07-01,42.1487,78636,12.92,49.3,937.9
1974-08-01,41.7946,78619,12.01,49.9,954.8
1974-09-01,41.8679,78610,11.34,50.6,955.1
1974-10-01,41.5436,78630,10.06,51.0,959.2
1974-11-01,40.2681,78265,9.45,51.5,956.2
1974-12-01,38.4303,77652,8.53,51.9,961.8
1975-01-01,37.6185,77293,7.13,52.3,975.6
1975-02-01,36.5552,76918,6.24,52.6,989.4
1975-03-01,36.0622,76648,5.54,52.8,990.6
1975-04-01,36.0197,76460,5.49,53.0,995.0
1975-05-01,35.9752,76624,5.22,53.1,1018.9
1975-06-01,36.2888,76521,5.55,53.5,1026.8
1975-07-01,36.7949,76770,6.10,54.0,1039.8
1975-08-01,37.2038,77153,6.14,54.2,1047.0
1975-09-01,37.8323,77228,6.24,54.6,1054.8
1975-10-01,38.0382,77540,5.82,54.9,1060.9
1975-11-01,38.1558,77685,5.22,55.3,1075.8
1975-12-01,38.6430,78017,5.20,55.6,1092.1
1976-01-01,39.1713,78503,4.87,55.8,1107.1
1976-02-01,39.7897,78816,4.77,55.9,1107.7
1976-03-01,39.8599,79048,4.84,56.0,1114.9
1976-04-01,40.1054,79292,4.82,56.1,1125.4
1976-05-01,40.3213,79312,5.29,56.4,1122.7
1976-06-01,40.3277,79376,5.48,56.7,1140.5
1976-07-01,40.6281,79547,5.31,57.0,1149.6
1976-08-01,40.8932,79704,5.29,57.3,1158.0
1976-09-01,40.9732,79892,5.25,57.6,1168.8
1976-10-01,40.9448,79911,5.02,57.9,1176.8
1976-11-01,41.4707,80240,4.95,58.1,1189.0
1976-12-01,41.9129,80448,4.65,58.4,1211.5
1977-01-01,41.8246,80690,4.61,58.7,1215.0
1977-02-01,42.5735,80988,4.68,59.3,1231.3
1977-03-01,43.1864,81391,4.69,59.6,1238.3
1977-04-01,43.6171,81728,4.73,60.0,1247.3
1977-05-01,43.9977,82088,5.35,60.2,1257.1
1977-06-01,44.3683,82488,5.39,60.5,1263.6
1977-07-01,44.3774,82834,5.42,60.8,1280.5
1977-08-01,44.5811,83075,5.90,61.1,1285.7
1977-09-01,44.6218,83532,6.14,61.3,1294.5
1977-10-01,44.7390,83800,6.47,61.6,1311.4
1977-11-01,44.8220,84173,6.51,62.0,1327.0
1977-12-01,45.3241,84410,6.56,62.3,1336.0
1978-01-01,44.6628,84594,6.70,62.7,1329.5
1978-02-01,44.8005,84948,6.78,63.0,1355.1
1978-03-01,45.5864,85460,6.79,63.4,1377.5
1978-04-01,46.3441,86162,6.89,63.9,1396.4
1978-05-01,46.5230,86509,7.36,64.5,1412.0
1978-06-01,46.8963,86950,7.60,65.0,1425.8
1978-07-01,46.8701,87204,7.81,65.5,1426.8
1978-08-01,47.1209,87483,8.04,65.9,1447.0
1978-09-01,47.3703,87621,8.45,66.5,1452.9
1978-10-01,47.7231,87956,8.96,67.1,1466.9
1978-11-01,48.1665,88391,9.76,67.5,1480.6
1978-12-01,48.5285,88671,10.03,67.9,1496.5
1979-01-01,48.1248,88808,10.07,68.5,1502.4
1979-02-01,48.2899,89055,10.06,69.2,1517.8
1979-03-01,48.5268,89479,10.09,69.9,1531.2
1979-04-01,47.7418,89417,10.01,70.6,1538.4
1979-05-01,48.3654,89789,10.24,71.4,1558.8
1979-06-01,48.4134,90108,10.29,72.2,1575.7
1979-07-01,48.4609,90217,10.47,73.0,1586.1
1979-08-01,47.8120,90300,10.94,73.7,1615.6
1979-09-01,47.9403,90327,11.43,74.4,1633.9
1979-10-01,48.1137,90481,13.77,75.2,1641.6
1979-11-01,47.9685,90573,13.18,76.0,1657.3
1979-12-01,48.1560,90672,13.78,76.9,1666.3
1980-01-01,48.3631,90800,13.82,78.0,1697.3
1980-02-01,48.2709,90883,14.13,79.0,1701.4
1980-03-01,47.9170,90994,17.19,80.1,1708.2
1980-04-01,46.8814,90849,17.61,80.9,1695.2
1980-05-01,45.4235,90420,10.98,81.7,1700.1
1980-06-01,44.7099,90101,9.47,82.5,1718.8
1980-07-01,44.1788,89840,9.03,82.6,1747.1
1980-08-01,44.5309,90099,9.61,83.2,1763.8
1980-09-01,45.2803,90213,10.87,83.9,1780.5
1980-10-01,46.1370,90490,12.81,84.7,1817.1
1980-11-01,47.0082,90747,15.85,85.6,1826.8
1980-12-01,47.1251,90943,18.90,86.4,1851.7
1981-01-01,46.9789,91033,19.08,87.2,1870.0
1981-02-01,46.7234,91105,15.93,88.0,1884.2
1981-03-01,46.8780,91210,14.70,88.6,1902.9
1981-04-01,47.1214,91283,15.72,89.1,1904.4
1981-05-01,47.3428,91296,18.52,89.7,1913.8
1981-06-01,47.0890,91490,19.10,90.5,1934.5
1981-07-01,47.1991,91601,19.04,91.5,1942.1
1981-08-01,47.2307,91565,17.82,92.2,1966.6
1981-09-01,46.9945,91477,15.87,93.1,1965.5
1981-10-01,46.5648,91380,15.08,93.4,1963.9
1981-11-01,45.9601,91171,13.31,93.8,1970.6
1981-12-01,45.1479,90895,12.37,94.1,1988.8
1982-01-01,44.0577,90565,13.22,94.4,1997.1
1982-02-01,45.2876,90563,14.78,94.7,2021.2
1982-03-01,44.8922,90434,14.68,94.7,2024.1
1982-04-01,44.5935,90150,14.94,95.0,2026.3
1982-05-01,44.5046,90107,14.45,95.9,2044.5
1982-06-01,44.4258,89865,14.15,97.0,2048.1
1982-07-01,44.3840,89521,12.59,97.5,2072.2
1982-08-01,43.9721,89363,10.12,97.7,2080.1
1982-09-01,43.8579,89183,10.31,97.7,2104.6
1982-10-01,43.3318,88907,9.71,98.1,2125.8
1982-11-01,43.0275,88786,9.20,98.0,2149.3
1982-12-01,42.8779,88771,8.95,97.7,2161.6
1983-01-01,43.9350,88990,8.68,97.9,2174.0
1983-02-01,43.9100,88917,8.51,98.0,2177.0
1983-03-01,44.3230,89090,8.77,98.1,2202.8
1983-04-01,44.8522,89364,8.80,98.8,2226.4
1983-05-01,45.4357,89644,8.63,99.2,2245.9
1983-06-01,45.8074,90021,8.98,99.4,2276.0
1983-07-01,46.5099,90437,9.37,99.8,2304.4
1983-08-01,46.8646,90129,9.56,100.1,2320.4
1983-09-01,47.7979,91247,9.45,100.4,2334.9
1983-10-01,48.3297,91520,9.48,100.8,2357.6
1983-11-01,48.5227,91875,9.34,101.1,2366.3
1983-12-01,48.6894,92230,9.47,101.4,2393.6
1984-01-01,49.5933,92673,9.56,102.1,2419.4
1984-02-01,50.1113,93157,9.59,102.6,2403.5
1984-03-01,50.3435,93429,9.91,102.9,2431.6
1984-04-01,50.6151,93792,10.29,103.3,2457.5
1984-05-01,50.7352,94098,10.32,103.5,2474.5
1984-06-01,50.9641,94479,11.06,103.7,2495.6
1984-07-01,51.1994,94789,11.23,104.1,2494.6
1984-08-01,51.2696,95032,11.64,104.4,2512.2
1984-09-01,51.1514,95344,11.30,104.7,2533.8
1984-10-01,51.3382,95629,9.99,105.1,2531.3
1984-11-01,51.5145,95982,9.43,105.3,2571.4
1984-12-01,51.6949,96107,8.38,105.5,2582.6
1985-01-01,51.4962,96372,8.35,105.7,2618.8
1985-02-01,51.2861,96503,8.50,106.3,2640.8
1985-03-01,51.6954,96842,8.58,106.8,2648.5
1985-04-01,51.4761,97038,8.27,107.0,2659.5
1985-05-01,51.5792,97312,7.97,107.2,2696.4
1985-06-01,51.6713,97459,7.53,107.5,2689.4
1985-07-01,51.3620,97648,7.88,107.7,2715.7
1985-08-01,51.6709,97840,7.90,107.9,2752.1
1985-09-01,51.7546,98045,7.92,108.1,2794.7
1985-10-01,51.6228,98233,7.99,108.5,2755.8
1985-11-01,51.9762,98443,8.05,109.0,2771.1
1985-12-01,52.1894,98609,8.27,109.5,2811.3
1986-01-01,52.7764,98732,8.14,109.9,2827.1
1986-02-01,52.5177,98847,7.86,109.7,2820.2
1986-03-01,52.3429,98934,7.48,109.1,2823.6
1986-04-01,52.4278,99121,6.99,108.7,2835.2
1986-05-01,52.5065,99248,6.85,109.0,2857.5
1986-06-01,52.3386,99155,6.92,109.4,2861.7
1986-07-01,52.5960,99473,6.56,109.5,2881.2
1986-08-01,52.7786,99588,6.17,109.6,2898.6
1986-09-01,52.8888,99934,5.89,110.0,2971.8
1986-10-01,53.1030,100121,5.85,110.2,2932.9
1986-11-01,53.3482,100308,6.04,110.4,2928.4
1986-12-01,53.8107,100509,6.91,110.8,2997.1
1987-01-01,53.6536,100678,6.43,111.4,2935.5
1987-02-01,54.4452,100919,6.10,111.8,3001.7
1987-03-01,54.4534,101164,6.13,112.2,3013.3
1987-04-01,54.7748,101499,6.37,112.7,3038.8
1987-05-01,55.1747,101728,6.85,113.0,3048.4
1987-06-01,55.3428,101900,6.73,113.5,3072.8
1987-07-01,55.7812,102247,6.58,113.8,3094.7
1987-08-01,56.1368,102420,6.73,114.3,3130.8
1987-09-01,56.4611,102647,7.22,114.7,3126.5
1987-10-01,57.4082,103138,7.29,115.0,3134.5
1987-11-01,57.7166,103372,6.69,115.4,3144.2
1987-12-01,58.1042,103661,6.77,115.6,3174.1
1988-01-01,57.9924,103753,6.83,116.0,3213.7
1988-02-01,58.1557,104214,6.58,116.2,3221.4
1988-03-01,58.3202,104489,6.58,116.5,3260.5
1988-04-01,58.8554,104732,6.87,117.2,3263.0
1988-05-01,58.7725,104962,7.09,117.5,3293.6
1988-06-01,58.8916,105326,7.51,118.0,3318.5
1988-07-01,58.8906,105550,7.75,118.5,3342.7
1988-08-01,58.9298,105674,8.01,119.0,3368.0
1988-09-01,59.1542,106013,8.19,119.5,3375.0
1988-10-01,59.4375,106276,8.30,119.9,3413.7
1988-11-01,59.6170,106617,8.35,120.3,3430.2
1988-12-01,59.8984,106898,8.76,120.7,3459.7
1989-01-01,60.4296,107161,9.12,121.2,3483.7
1989-02-01,59.8019,107427,9.36,121.6,3488.0
1989-03-01,59.7103,107621,9.85,122.2,3498.8
1989-04-01,59.8829,107791,9.84,123.1,3543.0
1989-05-01,59.3188,107913,9.81,123.7,3551.8
1989-06-01,59.4684,108027,9.53,124.1,3566.6
1989-07-01,58.7731,108069,9.24,124.5,3585.7
1989-08-01,59.3324,108120,8.99,124.5,3620.6
1989-09-01,59.1950,108369,9.02,124.8,3621.9
1989-10-01,59.0825,108476,8.84,125.4,3633.6
1989-11-01,59.2000,108752,8.55,125.9,3643.3
1989-12-01,59.2547,108836,8.45,126.3,3684.2
1990-01-01,59.1036,109197,8.23,127.5,3730.7
1990-02-01,59.9806,109435,8.24,128.0,3728.2
1990-03-01,60.3056,109644,8.28,128.6,3754.9
1990-04-01,60.1280,109688,8.26,128.9,3770.0
1990-05-01,60.2545,109839,8.18,129.1,3775.8
1990-06-01,60.4462,109857,8.29,129.9,3804.5
1990-07-01,60.3271,109824,8.15,130.5,3821.7
1990-08-01,60.5285,109617,8.13,131.6,3848.3
1990-09-01,60.5278,109520,8.20,132.5,3870.1
1990-10-01,60.0276,109367,8.11,133.4,3870.6
1990-11-01,59.3613,109213,7.81,133.7,3871.9
1990-12-01,58.9058,109167,7.31,134.2,3861.3
1991-01-01,58.4688,109056,6.91,134.7,3841.0
1991-02-01,58.0592,108735,6.25,134.8,3866.7
1991-03-01,57.6839,108576,6.12,134.8,3913.0
1991-04-01,57.8920,108367,5.91,135.1,3907.1
1991-05-01,58.3074,108251,5.78,135.6,3933.2
1991-06-01,58.9545,108337,5.90,136.0,3940.5
1991-07-01,59.1819,108292,5.82,136.2,3966.0
1991-08-01,59.2815,108313,5.66,136.6,3969.1
1991-09-01,59.9636,108338,5.45,137.0,3984.7
1991-10-01,59.8460,108357,5.21,137.2,3976.0
1991-11-01,59.7398,108297,4.81,137.8,4003.6
1991-12-01,59.6458,108330,4.43,138.2,4020.5
1992-01-01,59.2972,108372,4.03,138.3,4084.7
1992-02-01,59.8786,108313,4.06,138.6,4099.5
1992-03-01,60.5043,108368,3.98,139.1,4117.0
1992-04-01,60.8433,108523,3.73,139.4,4131.5
1992-05-01,61.2039,108652,3.82,139.7,4158.4
1992-06-01,61.3837,108719,3.76,140.1,4177.1
1992-07-01,61.9549,108794,3.25,140.5,4204.8
1992-08-01,61.7120,108929,3.30,140.8,4220.9
1992-09-01,61.7623,108963,3.22,141.1,4255.3
1992-10-01,62.1890,109144,3.10,141.7,4284.7
1992-11-01,62.4617,109277,3.09,142.1,4300.5
1992-12-01,62.3824,109499,2.92,142.3,4336.4
1993-01-01,62.9777,109799,3.02,142.8,4340.7
1993-02-01,63.1205,110047,3.03,143.1,4355.3
1993-03-01,62.9613,109999,3.07,143.3,4352.5
1993-04-01,63.3304,110302,2.96,143.8,4393.4
1993-05-01,63.2861,110573,3.00,144.2,4422.4
1993-06-01,63.1485,110752,3.04,144.3,4440.0
1993-07-01,63.3449,111057,3.06,144.5,4468.9
1993-08-01,63.2551,111211,3.03,144.8,4481.1
1993-09-01,63.6841,111452,3.09,145.0,4511.5
1993-10-01,64.2618,111737,2.99,145.6,4532.8
1993-11-01,64.5247,111990,3.02,146.0,4554.1
1993-12-01,64.9290,112319,2.96,146.3,4571.1
1994-01-01,65.0425,112601,3.05,146.3,4585.1
1994-02-01,65.1383,112785,3.25,146.7,4632.6
1994-03-01,66.0163,113248,3.34,147.1,4646.0
1994-04-01,66.5980,113592,3.56,147.2,4671.1
1994-05-01,67.0655,113928,4.01,147.5,4669.5
1994-06-01,67.2836,114242,4.25,147.9,4708.9
1994-07-01,67.5994,114613,4.26,148.4,4720.6
1994-08-01,68.1100,114902,4.47,149.0,4762.6
1994-09-01,68.4357,115251,4.73,149.3,4775.0
1994-10-01,69.1652,115464,4.76,149.4,4812.9
1994-11-01,69.7038,115876,5.29,149.8,4825.6
1994-12-01,70.5043,116171,5.45,150.1,4841.6
1995-01-01,70.6387,116508,5.53,150.5,4851.2
1995-02-01,70.4169,116702,5.92,150.9,4850.8
1995-03-01,70.6021,116913,5.98,151.2,4885.4
1995-04-01,70.4978,117076,6.05,151.8,4890.2
1995-05-01,70.6342,117056,6.01,152.1,4933.1
1995-06-01,70.9778,117293,6.00,152.4,4977.5
1995-07-01,70.5183,117386,5.85,152.6,4970.2
1995-08-01,71.3402,117642,5.74,152.9,5005.3
1995-09-01,71.9957,117881,5.80,153.1,5020.5
1995-10-01,71.9761,118038,5.76,153.5,5013.9
1995-11-01,72.0518,118182,5.80,153.7,5055.6
1995-12-01,72.3734,118328,5.60,153.9,5097.5
1996-01-01,71.8221,118323,5.56,154.7,5085.7
1996-02-01,72.9624,118744,5.22,155.0,5132.8
1996-03-01,72.8277,119001,5.31,155.5,5173.3
1996-04-01,73.6724,119168,5.22,156.1,5208.0
1996-05-01,74.2509,119496,5.24,156.4,5223.8
1996-06-01,75.0801,119778,5.27,156.7,5229.8
1996-07-01,75.3099,120020,5.40,157.0,5251.9
1996-08-01,75.6905,120207,5.22,157.2,5275.0
1996-09-01,76.3588,120418,5.30,157.7,5296.6
1996-10-01,76.2262,120674,5.24,158.2,5328.5
1996-11-01,76.8844,120969,5.31,158.7,5351.2
1996-12-01,77.5520,121152,5.29,159.1,5378.6
1997-01-01,77.5975,121372,5.25,159.4,5411.1
1997-02-01,78.6953,121682,5.19,159.7,5434.0
1997-03-01,79.5234,121999,5.39,159.8,5454.2
1997-04-01,79.3662,122296,5.51,159.9,5459.3
1997-05-01,79.9622,122557,5.50,159.9,5460.2
1997-06-01,80.4694,122825,5.56,160.2,5494.2
1997-07-01,80.9998,123119,5.52,160.4,5548.8
1997-08-01,82.0621,123099,5.54,160.8,5587.0
1997-09-01,82.7651,123594,5.54,161.2,5601.7
1997-10-01,83.4751,123940,5.50,161.5,5637.7
1997-11-01,84.4229,124246,5.52,161.7,5661.1
1997-12-01,84.7854,124559,5.50,161.8,5692.1
1998-01-01,85.5471,124823,5.56,162.0,5689.9
1998-02-01,85.6192,125024,5.51,162.0,5723.8
1998-03-01,85.4651,125174,5.49,162.0,5750.3
1998-04-01,85.8713,125453,5.45,162.2,5788.1
1998-05-01,86.3207,125855,5.49,162.6,5837.9
1998-06-01,85.6107,126087,5.56,162.8,5871.7
1998-07-01,85.2135,126213,5.54,163.2,5890.0
1998-08-01,87.3819,126551,5.55,163.4,5925.0
1998-09-01,87.2288,126764,5.51,163.5,5965.6
1998-10-01,88.0891,126968,5.07,163.9,5998.8
1998-11-01,88.2099,127243,4.83,164.1,6015.4
1998-12-01,88.7347,127607,4.68,164.4,6070.5
1999-01-01,89.0222,127713,4.63,164.7,6072.9
1999-02-01,89.8085,128131,4.76,164.7,6101.8
1999-03-01,89.7260,128239,4.81,164.8,6132.9
1999-04-01,90.1186,128610,4.74,165.9,6196.2
1999-05-01,90.9226,128822,4.74,166.0,6225.7
1999-06-01,90.6341,129099,4.76,166.0,6254.0
1999-07-01,91.1014,129420,4.99,166.7,6281.5
1999-08-01,91.5614,129576,5.07,167.1,6326.5
1999-09-01,91.1328,129781,5.22,167.8,6378.8
1999-10-01,92.5699,130190,5.20,168.1,6402.1
1999-11-01,93.1388,130479,5.42,168.4,6437.9
1999-12-01,93.7921,130786,5.30,168.8,6538.7
2000-01-01,93.9362,131020,5.45,169.3,6535.3
2000-02-01,94.1856,131136,5.73,170.0,6619.7
2000-03-01,94.7846,131609,5.85,171.0,6685.8
2000-04-01,95.5101,131900,6.02,170.9,6671.1
2000-05-01,95.4405,132118,6.27,171.2,6707.6
2000-06-01,95.6260,132079,6.53,172.2,6743.9
2000-07-01,95.7409,132247,6.54,172.7,6764.1
2000-08-01,95.1187,132240,6.50,172.7,6799.1
2000-09-01,95.5655,132364,6.52,173.6,6882.9
2000-10-01,95.3433,132365,6.51,173.9,6888.2
2000-11-01,95.1024,132570,6.51,174.2,6902.4
2000-12-01,94.5845,132722,6.40,174.6,6945.7
2001-01-01,94.0393,132712,5.98,175.6,6977.0
2001-02-01,93.5367,132804,5.49,176.0,6995.8
2001-03-01,93.3766,132761,5.31,176.1,6987.9
2001-04-01,93.0356,132475,4.8,176.4,7001.2
2001-05-01,92.3696,132426,4.21,177.3,7047.1
2001-06-01,91.7370,132312,3.97,177.7,7060.7
2001-07-01,91.2379,132187,3.77,177.4,7072.2
2001-08-01,90.8605,132043,3.65,177.4,7108.9
2001-09-01,90.6639,131791,3.07,178.1,7012.8
2001-10-01,90.1331,131468,2.49,177.6,7208.4
2001-11-01,89.9311,131158,2.09,177.5,7167.9
2001-12-01,90.1646,130997,1.82,177.4,7147.7
2002-01-01,90.7311,130868,1.73,177.7,7174.3
2002-02-01,90.7307,130752,1.74,178.0,7218.3
2002-03-01,91.5183,130732,1.73,178.5,7237.2
2002-04-01,91.7507,130636,1.75,179.3,7305.4
2002-05-01,92.2593,130647,1.75,179.5,7282.7
2002-06-01,93.3528,130695,1.75,179.6,7318.2
2002-07-01,93.0044,130604,1.73,180.0,7380.4
2002-08-01,93.2330,130603,1.74,180.5,7401.5
2002-09-01,93.3635,130524,1.75,180.8,7391.0
2002-10-01,93.0256,130643,1.75,181.2,7430.7
2002-11-01,93.4885,130632,1.34,181.5,7459.7
2002-12-01,92.9180,130488,1.24,181.8,7512.8
2003-01-01,93.6423,130596,1.24,182.600,7533.1
2003-02-01,93.5578,130461,1.26,183.600,7535.9
2003-03-01,93.7146,130246,1.25,183.900,7598.4
2003-04-01,92.9569,130194,1.26,183.200,7621.0
2003-05-01,93.0610,130210,1.26,182.900,7628.1
2003-06-01,93.5406,130209,1.22,183.100,7678.6
2003-07-01,93.8282,130207,1.01,183.700,7738.2
2003-08-01,93.5475,130167,1.03,184.5,7834.5
2003-09-01,94.3123,130279,1.01,185.100,7835.0
2003-10-01,94.4027,130473,1.01,184.9,7845.7
2003-11-01,95.3834,130490,1.00,185.000,7899.6
2003-12-01,95.1734,130605,0.98,185.500,7929.2
2004-01-01,95.2003,130787,1.00,186.300,7987.4
2004-02-01,95.9019,130844,1.01,186.700,8019.8
2004-03-01,95.7359,131156,1.00,187.100,8076.0
2004-04-01,96.1117,131426,1.00,187.400,8088.6
2004-05-01,96.8749,131710,1.00,188.200,8163.2
2004-06-01,96.0901,131807,1.03,188.900,8147.2
2004-07-01,96.9635,131864,1.26,189.100,8218.9
2004-08-01,97.4053,131955,1.43,189.200,8253.1
2004-09-01,97.4501,132112,1.61,189.800,8321.1
2004-10-01,98.5564,132466,1.76,190.8,8374.6
2004-11-01,98.5002,132521,1.93,191.700,8420.6
2004-12-01,99.2488,132644,2.16,191.700,8481.5
2005-01-01,99.9993,132791,2.28,191.600,8470.2
2005-02-01,100.9049,133050,2.50,192.400,8529.2
2005-03-01,100.3947,133172,2.63,193.100,8569.5
2005-04-01,100.7643,133536,2.79,193.700,8645.6
2005-05-01,101.0644,133706,3.00,193.600,8643.9
2005-06-01,101.2541,133957,3.04,193.700,8724.8
2005-07-01,100.8936,134314,3.26,194.900,8829.5
2005-08-01,101.3754,134517,3.50,196.100,8832.4
2005-09-01,100.3022,134583,3.62,198.800,8885.8
2005-10-01,101.8829,134673,3.78,199.100,8926.6
2005-11-01,102.7324,135012,4.00,198.100,8938.5
2005-12-01,102.9308,135168,4.16,198.100,8969.6
2006-01-01,103.7581,135446,4.29,199.300,9059.8
2006-02-01,103.4000,135753,4.49,199.400,9090.1
2006-03-01,103.3013,136063,4.59,199.700,9122.1
2006-04-01,103.8212,136221,4.79,200.700,9174.8
2006-05-01,103.4292,136261,4.94,201.300,9215.1
2006-06-01,103.8678,136342,4.99,201.800,9240.8
2006-07-01,103.6120,136538,5.24,202.900,9322.6
2006-08-01,104.3946,136713,5.25,203.800,9321.8
2006-09-01,104.4833,136860,5.25,202.800,9354.7
2006-10-01,104.0797,136870,5.25,201.900,9373.2
2006-11-01,104.1417,137082,5.25,202.000,9380.2
2006-12-01,105.7484,137268,5.24,203.100,9469.0
2007-01-01,105.1816,137493,5.25,203.437,9516.3
2007-02-01,105.6138,137573,5.26,204.226,9546.8
2007-03-01,106.6050,137810,5.26,205.288,9585.1
2007-04-01,107.3444,137860,5.25,205.904,9615.7
2007-05-01,107.2842,138012,5.25,206.755,9651.3
2007-06-01,107.6883,138088,5.25,207.234,9667.3
2007-07-01,107.8331,138055,5.26,207.603,9709.6
2007-08-01,107.5694,138032,5.02,207.667,9753.9
2007-09-01,108.1094,138114,4.94,208.547,9797.9
2007-10-01,107.7768,138190,4.76,209.190,9827.0
2007-11-01,108.4352,138299,4.49,210.834,9897.8
2007-12-01,108.5858,138409,4.24,211.445,9908.4
2008-01-01,108.1717,138422,3.94,212.174,9930.0
2008-02-01,107.4650,138340,2.98,212.687,9913.4
2008-03-01,107.1702,138292,2.61,213.448,9959.4
2008-04-01,105.9815,138056,2.28,213.942,9996.8
2008-05-01,105.4636,137872,1.98,215.208,10053.8
2008-06-01,104.7522,137706,2.00,217.463,10107.9
2008-07-01,103.4955,137508,2.01,219.016,10104.7
2008-08-01,102.2059,137229,2.00,218.690,10094.7
2008-09-01,98.5396,136769,1.81,218.877,10043.5
2008-10-01,98.0020,136288,0.97,216.995,9960.3
2008-11-01,95.6481,135561,0.39,213.153,9820.8
2008-12-01,92.2691,134857,0.16,211.398,9730.7
2009-01-01,89.4332,134074,0.15,211.933,9783.8
2009-02-01,89.3913,133332,0.22,212.705,9766.0
2009-03-01,87.8070,132529,0.18,212.495,9718.5
2009-04-01,87.2371,131835,0.15,212.709,9724.8
2009-05-01,86.3136,131491,0.18,213.022,9748.9
2009-06-01,86.0265,131026,0.21,214.790,9806.9
2009-07-01,87.4112,130685,0.16,214.726,9841.7
2009-08-01,88.4647,130501,0.16,215.445,9961.0
2009-09-01,89.2561,130259,0.15,215.861,9883.4
2009-10-01,89.3968,130061,0.12,216.509,9931.9
2009-11-01,90.3186,130073,0.12,217.234,9940.5
2009-12-01,90.1551,129804,0.12,217.347,9998.9
2010-01-01,91.2764,129807,0.11,217.488,10001.8
2010-02-01,91.3081,129715,0.13,217.281,10030.6
2010-03-01,92.4616,129895,0.16,217.353,10089.1
2010-04-01,93.3099,130132,0.20,217.403,10112.9
2010-05-01,94.6419,130666,0.20,217.290,10131.0
2010-06-01,94.5285,130530,0.18,217.199,10151.4
2010-07-01,95.1146,130442,0.18,217.605,10184.7
2010-08-01,95.2587,130437,0.19,217.923,10228.2
2010-09-01,95.2835,130373,0.19,218.275,10249.0
2010-10-01,95.3587,130642,0.19,219.035,10304.7
2010-11-01,95.3965,130765,0.19,219.590,10354.7
2010-12-01,95.8656,130839,0.18,220.472,10392.1
2011-01-01,96.0682,130859,0.17,221.187,10435.5
2011-02-01,96.2263,131072,0.16,221.898,10470.1
2011-03-01,96.8409,131304,0.14,223.046,10550.5
2011-04-01,96.2790,131625,0.10,224.093,10587.6
2011-05-01,96.4175,131720,0.09,224.806,10612.0
2011-06-01,96.5405,131955,0.09,224.806,10636.8
2011-07-01,97.1629,132016,0.07,225.395,10677.5
2011-08-01,97.5230,132138,0.10,226.106,10700.6
2011-09-01,97.8561,132374,0.08,226.597,10738.1
2011-10-01,98.3927,132578,0.07,226.750,10753.1
2011-11-01,98.1202,132710,0.08,227.169,10759.5
2011-12-01,98.8168,132914,0.07,227.223,10772.2
2012-01-01,99.7093,133269,0.08,227.842,10862.1
2012-02-01,100.0380,133531,0.10,228.329,10953.5
2012-03-01,99.5860,133769,0.13,228.807,10951.8
2012-04-01,100.1877,133852,0.14,229.187,10979.7
2012-05-01,99.8458,133951,0.16,228.713,10968.6
2012-06-01,100.1427,134023,0.16,228.524,10946.3
2012-07-01,100.0497,134176,0.16,228.590,10977.2
2012-08-01,99.8597,134346,0.13,229.918,11004.1
2012-09-01,99.8234,134535,0.14,231.015,11061.5
2012-10-01,99.4857,134693,0.16,231.638,11099.8
2012-11-01,100.2198,134851,0.16,231.249,11136.8
2012-12-01,101.0522,135088,0.16,231.221,11140.5
2013-01-01,100.7283,135283,0.14,231.679,11202.8
2013-02-01,101.2369,135562,0.15,232.937,11239.6
2013-03-01,101.1590,135698,0.14,232.282,11227.1
2013-04-01,100.7622,135890,0.15,231.797,11205.4
2013-05-01,101.0469,136114,0.11,231.893,11244.6
2013-06-01,101.3055,136295,0.09,232.445,11268.8
2013-07-01,100.2932,136400,0.09,232.900,11296.7
2013-08-01,101.1950,136642,0.08,233.456,11329.2
2013-09-01,101.2834,136831,0.08,233.544,11366.9
2013-10-01,101.4163,137056,0.09,233.669,11419.8
2013-11-01,101.4165,137323,0.08,234.100,11487.6
2013-12-01,101.3819,137390,0.09,234.719,11517.9
2014-01-01,100.1818,137567,0.07,235.288,11503.7
2014-02-01,101.2442,137735,0.07,235.547,11574.5
2014-03-01,102.1360,137985,0.08,236.028,11644.5
2014-04-01,101.9852,138312,0.09,236.468,11707.1
2014-05-01,102.2936,138533,0.09,236.918,11750.9
2014-06-01,102.6556,138857,0.10,237.231,11812.7
2014-07-01,103.1470,139084,0.09,237.498,11858.1
2014-08-01,102.6082,139272,0.09,237.460,11939.1
2014-09-01,102.6413,139583,0.09,237.477,11948.8
2014-10-01,102.5636,139841,0.09,237.430,12018.4
2014-11-01,103.4288,140127,0.09,236.983,12050.2
2014-12-01,103.1127,140396,0.12,236.252,12065.0
2015-01-01,102.6770,140609,0.11,234.718,12039.9
2015-02-01,101.9570,140857,0.11,235.236,12089.1
2015-03-01,102.2630,140934,0.11,236.005,12145.7
2015-04-01,102.1316,141234,0.12,236.156,12187.4
2015-05-01,102.0859,141553,0.12,236.974,12261.1
2015-06-01,101.6587,141723,0.13,237.684,12295.6
2015-07-01,102.3230,142016,0.13,238.053,12357.1
2015-08-01,102.0213,142138,0.14,238.028,12387.0
2015-09-01,101.6204,142271,0.14,237.506,12384.5
2015-10-01,101.5941,142610,0.12,237.781,12387.3
2015-11-01,101.2991,142845,0.12,238.016,12422.8
2015-12-01,100.9993,143125,0.24,237.817,12453.8
2016-01-01,101.7060,143215,0.34,237.833,12480.5
2016-02-01,101.1106,143447,0.38,237.469,12550.2
2016-03-01,100.9595,143681,0.36,238.038,12539.9
2016-04-01,100.5583,143892,0.37,238.827,12624.8
2016-05-01,100.5821,143907,0.37,239.464,12678.1
2016-06-01,100.8661,144189,0.38,240.167,12761.9
2016-07-01,101.1049,144525,0.39,240.150,12779.6
2016-08-01,100.7339,144660,0.40,240.602,12813.0
2016-09-01,101.1269,144930,0.40,241.051,12874.5
2016-10-01,101.4347,145058,0.40,241.691,12912.8
2016-11-01,101.5178,145228,0.41,242.029,12942.0
2016-12-01,101.8808,145443,0.54,242.772,13024.5
2017-01-01,102.4892,145695,0.65,243.780,13079.4
2017-02-01,102.4152,145836,0.66,243.961,13090.6
2017-03-01,102.1635,145963,0.79,243.749,13143.3
2017-04-01,103.3416,146176,0.90,244.051,13185.7
2017-05-01,103.1555,146304,0.91,243.962,13201.0
2017-06-01,103.2793,146533,1.04,244.182,13250.8
2017-07-01,103.1101,146737,1.15,244.390,13274.1
2017-08-01,102.8276,146924,1.16,245.297,13317.3
2017-09-01,102.7012,146942,1.15,246.418,13443.8
2017-10-01,104.0931,147202,1.15,246.587,13501.3
2017-11-01,104.4259,147422,1.16,247.332,13587.6
2017-12-01,104.4342,147596,1.30,247.901,13669.9
2018-01-01,104.0461,147767,1.41,248.884,13697.7
2018-02-01,105.1667,148097,1.42,249.369,13712.2
2018-03-01,105.2262,148279,1.51,249.498,13775.1
2018-04-01,105.7471,148475,1.69,249.956,13861.5
2018-05-01,104.9650,148745,1.70,250.646,13953.2
2018-06-01,105.7913,149007,1.82,251.134,14004.8
2018-07-01,106.2412,149185,1.91,251.597,14077.2
2018-08-01,106.7033,149467,1.91,251.879,14128.3
2018-09-01,106.7100,149575,1.95,252.010,14138.1
2018-10-01,106.6054,149852,2.19,252.794,14221.1
2018-11-01,106.8101,150048,2.20,252.760,14266.0
2018-12-01,107.4963,150275,2.27,252.723,14148.6
2019-01-01,106.8790,150587,2.40,252.673,14227.6
2019-02-01,106.3204,150643,2.40,253.113,14216.6
2019-03-01,106.3014,150796,2.41,254.148,14354.6
2019-04-01,105.3737,151012,2.42,254.958,14452.5
2019-05-01,105.5026,151074,2.39,255.155,14516.0
2019-06-01,106.0786,151252,2.38,255.305,14565.0
2019-07-01,105.7420,151418,2.40,256.161,14639.8
2019-08-01,106.4132,151637,2.13,256.300,14671.9
2019-09-01,105.8342,151817,2.04,256.358,14696.2
2019-10-01,105.1771,151945,1.83,257.271,.
